Name,Price
"NIVEA Pearl & Beauty Anti-Perspirant Rollon, 48h - 50ml (Pack Of 2)",660
"NIVEA MEN Deep Antibacterial Anti-Perspirant Rollon,48h - 50ml (Pack Of 2)",710
"NIVEA MEN Cool Kick Anti-Perspirant Rollon For Men, 48h - 50ml (2 Pack)",660
NIVEA MEN Black & White Original Anti-Perspirant Rollon - 50ml (Pack Of 2),710
NIVEA Pearl & Beauty Anti-Perspirant Spray 48h - 150ml (Pack Of 2),800
NIVEA Black & White Silky Smooth Anti-perspirant Rollon-50ml (2 Pack),710
NIVEA Black & White Invisible Clear Anti-Perspirant Rollon - 50ml,355
"NIVEA MEN Deep Antibacterial Anti-Perspirant Rollon For Men, 48h- 50ml",355
"NIVEA Black & White Invisible Clear Spray, 48h - 150ml (Pack Of 2)",800
"NIVEA MEN Black & White Invisible Original, 48h - 150ml (Pack Of 2)",800
"NIVEA MEN Cool Kick Anti-Perspirant Spray For Men, 48h - 150ml",375
NIVEA Fresh Cherry Anti-Perspirant Spray For Women - 150ml,365
"NIVEA MEN Black & White Invisible Fresh For Men, 48h - 150ml (Pack Of 2)",800
NIVEA MEN Black & White Fresh Anti-Perspirant Rollon - 50ml (Pack Of 2),710
"NIVEA Pearl & Beauty Anti-Perspirant Spray For Women, 48h - 150ml",400
"NIVEA Black & White Invisible Silky Smooth, 48h - 150ml",400
"NIVEA MEN Deep Antibacterial Anti-Perspirant Spray For Men, 48h -150ml",400
NIVEA MEN Black & White Invisible Original Anti-Perspirant Rollon - 50ml,355
"NIVEA Black & White Invisible Silky Smooth, 48h - 150ml (Pack Of 2)",800
NIVEA Black & White Invisible Silky Smooth Anti-Perspirant Rollon-50ml,355
"NIVEA MEN Cool Kick Anti-Perspirant Rollon For Men, 48h - 50ml",330
NIVEA MEN Deep Espresso Antibacterial Anti-Perspirant Spray - 150ml,400
NIVEA MEN Deep Espresso Antibacterial Anti-Perspirant Rollon - 50ml,355
Dove Pomegranate & Lemon Verbana Deo Spray 250ml,460
NIVEA MEN Deep Amazonia Antibacterial Anti-Perspirant Spray - 150ml,400
"NIVEA Black & White Invisible Clear, 48h - 150ml",400
"NIVEA MEN Black & White Invisible Fresh, 48h - 150ml",400
NIVEA MEN Black & White Invisible Fresh Anti-Perspirant Rollon - 50ml,355
"NIVEA MEN Black & White Invisible Original, 48h - 150ml",400
NIVEA MEN Deep Espresso Antibacterial Anti-Perspirant Rollon - 50ml,355
"NIVEA His & Hers Deo Pack - Deep Roll-On, Pearl & Beauty Roll-On",548
NIVEA Fresh Cherry Anti-Perspirant Rollon For Women - 50ml,330
"NIVEA Pearl & Beauty Anti-Perspirant Rollon For Women, 48h - 50ml",270
VERSMAN Sporty Roll-on For Men â€“ 50ml,155
Axe Body Spray for Men - Dark Temptation - 150ml,369
VERSMAN Active Roll On-For Men - 50Ml,155
NIVEA MEN Deep Amazonia Antibacterial Anti-Perspirant Rollon - 50ml,355
Garnier Protection 6 In 1 Floral Fresh Womens Roll-on - 50ml,253
Old Spice Pure Sport High Endurance Deodorant,662
NIVEA 48 - Hour Dry Comfort Women's Antiperspirant Stick  - 40ml,425
,
,
,
,
,
,
,
,
